Id,Onset,Offset
N,0.0,1.172266
D:min,1.172266,12.585238
D:min,12.585238,24.369365
A,24.369365,30.209183
G:7,30.209183,34.603995
N,34.603995,36.037392
D:min,36.037392,47.41517
D:min,47.41517,59.141247
A,59.141247,64.969455
G:7,64.969455,70.712128
B:min,70.712128,72.9339
A,72.9339,73.618888
G,73.618888,75.058526
A,75.058526,76.521383
D:min,76.521383,87.92238
D:min,87.92238,99.567188
A,99.567188,105.418616
G:7,105.418616,111.258435
B:min,111.258435,113.406281
A,113.406281,114.114489
G,114.114489,115.577346
A,115.577346,117.075034
D:min,117.075034,122.636213
D:min,122.636213,134.22297
A,134.22297,145.751678
D:min,145.751678,151.521836
D:min,151.521836,163.317573
A,163.317573,169.180612
G:7,169.180612,175.02043
B:min,175.02043,177.179886
A,177.179886,177.922925
G,177.922925,179.362562
A,179.362562,180.860249
D:min,180.860249,192.272857
D:min,192.272857,256.27589
N,256.27589,260.649796
N,0.0,1.263742
F,1.263742,3.122845
Eb,3.122845,4.074863
G/5,4.074863,5.073321
C,5.073321,8.846564
E:min/5,8.846564,12.503707
C:7,12.503707,16.18407
F,16.18407,18.877585
C/3,18.877585,19.759943
D,19.759943,23.440306
G,23.440306,24.470647
G:sus4(2)/2,24.470647,25.321122
G/3,25.321122,27.190328
A:min,27.190328,29.024705
Ab:aug,29.024705,30.824251
C/5,30.824251,32.600578
D:7,32.600578,34.411734
F,34.411734,36.234501
Eb,36.234501,37.186519
G/5,37.186519,38.126927
C,38.126927,41.88856
E:min/5,41.88856,45.545702
C:7,45.545702,49.168015
F,49.168015,51.87314
C/3,51.87314,52.790328
D,52.790328,56.412641
G,56.412641,57.306609
G:sus4(2)/2,57.306609,58.258628
G/3,58.258628,60.023344
A:min,60.023344,61.822891
Ab:aug,61.822891,63.634047
C/5,63.634047,65.398764
D:7,65.398764,67.23314
F,67.23314,69.102346
Eb,69.102346,70.080257
G/5,70.080257,71.01849
A,71.01849,74.628696
A,74.628696,76.370192
C#:min/5,76.370192,78.045663
F#:min,78.045663,79.713866
A/5,79.713866,81.443752
D,81.443752,83.103979
G,83.103979,84.787426
A,84.787426,85.474936
A/7,85.474936,86.183398
A/b7,86.183398,86.815269
A/6,86.815269,87.427993
A/b6,87.427993,87.887535
A/5,87.887535,88.282029
A,88.282029,89.930646
C#:min/5,89.930646,91.614092
F#:min,91.614092,93.285929
A/5,93.285929,94.980986
D,94.980986,96.641213
G,96.641213,98.347879
C,98.347879,99.032868
C/7,99.032868,99.671417
C/6,99.671417,100.286746
C/5,100.286746,100.960124
C/3,100.960124,101.378083
C/2,101.378083,101.830873
C,101.830873,105.488015
E:min/5,105.488015,108.994229
C:7,108.994229,112.628151
F,112.628151,115.240396
C/3,115.240396,116.087925
D,116.087925,119.710238
G,119.710238,120.627426
G:sus4(2)/2,120.627426,121.451734
G/3,121.451734,123.297721
A:min,123.297721,125.039217
Ab:aug,125.039217,126.827154
C/5,126.827154,128.60348
D:7,128.60348,130.298537
F,130.298537,132.156133
Eb,132.156133,133.038492
G/5,133.038492,133.89763
C,133.89763,137.577993
E:min/5,137.577993,141.235136
C:7,141.235136,144.811009
F,144.811009,147.516133
C/3,147.516133,148.398492
D,148.398492,152.009195
G,152.009195,152.914773
G:sus4(2),152.914773,153.831908
G/3,153.831908,155.608287
A:min,155.608287,157.373004
Ab:aug,157.373004,159.114501
C/5,159.114501,160.948877
D:7,160.948877,162.748424
F,162.748424,164.5828
Eb,164.5828,165.476768
G/5,165.476768,166.347517
A,166.347517,169.88856
F,169.88856,171.711326
Eb,171.711326,172.651734
G/5,172.651734,173.754682
C,173.754682,178.838689
N,178.838689,183.013878
N,0.0,0.382952
D,0.382952,1.329909
F#:min/5,1.329909,2.270317
B,2.270317,4.139523
E:min,4.139523,5.093265
E:min/5,5.093265,5.993202
E:min,5.993202,6.472388
E:min/b7,6.472388,6.931435
E:min/6,6.931435,7.37183
E:min/5,7.37183,7.831373
A,7.831373,8.74989
A/3,8.74989,9.693983
A/5,9.693983,10.560212
A,10.560212,11.500249
D,11.500249,12.39
D/7,12.39,12.866913
D/6,12.866913,13.311405
A,13.311405,14.239254
A/2,14.239254,14.716166
A/3,14.716166,15.16388
D,15.16388,16.07458
F#:min/5,16.07458,16.956938
B,16.956938,17.879363
B/5,17.879363,18.375742
B,18.375742,18.826145
E:min,18.826145,19.709151
E:min/5,19.709151,20.653244
E:min,20.653244,21.100958
E:min/b7,21.100958,21.568138
E:min/6,21.568138,22.045051
E:min/5,22.045051,22.502498
A,22.502498,23.368727
A/3,23.368727,24.283621
A/5,24.283621,25.237447
A/3,25.237447,25.675428
A/5,25.675428,26.15204
D,26.15204,27.057502
D/7,27.057502,27.514948
D/6,27.514948,27.974807
A/3,27.974807,29.820793
E:7,29.820793,33.477936
A,33.477936,35.729528
A/3,35.729528,36.196708
A/2,36.196708,36.624956
A,36.624956,37.077029
D,37.077029,37.997297
D/5,37.997297,38.902458
D,38.902458,40.294265
D:maj(*1)/#1,40.294265,40.734172
E:7,40.734172,41.627674
E:7/5,41.627674,42.562034
E:7,42.562034,44.344875
A:7,44.344875,45.277517
A:7/5,45.277517,46.153479
A:7,46.153479,47.993
E:min,47.993,48.872766
A,48.872766,49.778344
D,49.778344,51.613644
D,51.613644,52.587959
F#/5,52.587959,53.540761
B:min,53.540761,54.494587
D:7/5,54.494587,55.397573
G,55.397573,55.886393
G/2,55.886393,56.324374
G/3,56.324374,56.781821
G/#4,56.781821,57.27839
D,57.27839,59.031496
D,59.031496,59.960294
F#:min/5,59.960294,60.877482
B,60.877482,61.85267
B/5,61.85267,62.261452
B,62.261452,62.711859
E:min,62.711859,63.643526
E:min/5,63.643526,64.538954
E:min,64.538954,65.035333
E:min/b7,65.035333,65.521979
E:min/6,65.521979,65.940494
E:min/5,65.940494,66.407674
A,66.407674,67.273903
A/3,67.273903,68.149865
A/5,68.149865,69.084225
A/3,69.084225,69.512473
A/5,69.512473,70.002925
D,70.002925,70.923746
D/7,70.923746,71.361727
D/6,71.361727,71.790861
A,71.790861,73.181782
A/2,73.181782,73.636848
D,73.636848,74.542426
F#:min/5,74.542426,75.471224
B,75.471224,77.27077
E:min,77.27077,78.194233
E:min/5,78.194233,79.157791
E:min,79.157791,79.595772
E:min/b7,79.595772,80.062952
E:min/6,80.062952,80.530132
E:min/5,80.530132,80.997573
A,80.997573,81.931672
A/3,81.931672,82.846566
A/5,82.846566,83.76146
A/3,83.76146,84.218907
A/5,84.218907,84.677936
D,84.677936,85.571782
D/7,85.571782,86.019496
D/6,86.019496,86.512312
A,86.512312,88.335079
E:7,88.335079,91.992222
A,91.992222,94.224343
A/3,94.224343,94.652591
A/2,94.652591,95.080839
A,95.080839,95.533265
D,95.533265,96.433714
D/5,96.433714,97.368074
D,97.368074,98.69175
D:maj(*1)/#1,98.69175,99.190408
E:7,99.190408,100.064091
E:7/5,100.064091,100.978985
E:7,100.978985,102.743061
A:7,102.743061,103.636071
A:7/3,103.636071,104.531499
A:7/5,104.531499,105.417194
A:7/3,105.417194,106.365374
E:min,106.365374,107.266447
E:min/5,107.266447,108.17653
A,108.17653,109.952857
D,109.952857,110.877359
D/5,110.877359,111.753321
D,111.753321,113.135395
D:maj(*1)/#1,113.135395,113.57517
E:7,113.57517,114.498003
E:7/5,114.498003,115.403164
E:7,115.403164,117.174263
A:7,117.174263,118.138113
A:7/5,118.138113,118.994609
A:7,118.994609,120.843015
E:min,120.843015,121.760204
A,121.760204,122.654172
D,122.654172,124.511768
D,124.511768,125.440566
F#/5,125.440566,126.369365
B:min,126.369365,127.298163
D:7/5,127.298163,128.238571
G,128.238571,130.070665
G/5,130.070665,131.860884
D,131.860884,132.847732
F#:min/5,132.847732,133.73009
B,133.73009,134.635402
B/5,134.635402,135.102582
B,135.102582,135.552857
E:min,135.552857,136.504122
E:min/5,136.504122,137.39955
E:min,137.39955,137.837531
E:min/b7,137.837531,138.275512
E:min/6,138.275512,138.742692
E:min/5,138.742692,139.19839
A,139.19839,140.1053
A/3,140.1053,141.010461
A/5,141.010461,141.954554
A/3,141.954554,142.382802
A,142.382802,142.855532
D,142.855532,143.774609
D/7,143.774609,144.21259
D/6,144.21259,144.736349
A,144.736349,145.623862
A/3,145.623862,146.042378
A,146.042378,146.512675
D,146.512675,147.453083
F#:min/5,147.453083,148.370272
B,148.370272,150.193038
E:min,150.193038,151.074294
E:min/5,151.074294,152.018387
E:min,152.018387,152.446635
E:min/b7,152.446635,152.913815
E:min/6,152.913815,153.351796
E:min/5,153.351796,153.838571
A,153.838571,154.73387
A/3,154.73387,155.677963
A/5,155.677963,156.592857
A/3,156.592857,157.011372
A,157.011372,157.495714
D,157.495714,158.393446
D/7,158.393446,158.860626
D/6,158.860626,159.3417
A,159.3417,161.176077
E:7,161.176077,164.79839
A,164.79839,167.513186
A/b7,167.513186,167.931702
A/5,167.931702,168.385873
D,168.385873,169.284577
D/5,169.284577,170.218937
D,170.218937,171.591278
D:maj(*1)/#1,171.591278,172.043015
E:7,172.043015,175.560839
A:7,175.560839,176.457735
A:7/5,176.457735,177.372629
A:7,177.372629,179.136712
E:min,179.136712,180.039447
E:min/5,180.039447,180.994308
A,180.994308,182.782244
D,182.782244,183.62116
D/5,183.62116,184.574985
D,184.574985,185.857876
D:maj(*1)/#1,185.857876,186.323287
E:7,186.323287,187.193139
E:7/5,187.193139,188.0983
E:7,188.0983,189.817891
A:7,189.817891,193.393764
E:min,193.393764,194.287732
A,194.287732,195.19331
D,195.19331,197.050907
D,197.050907,197.944875
F#/5,197.944875,198.862063
B:min,198.862063,199.814081
D:7/5,199.814081,200.754489
G,200.754489,202.565646
D,202.565646,204.726259
N,204.726259,207.281633
N,0.0,0.440395
E:aug,0.440395,2.795551
A,2.795551,7.180354
E,7.180354,11.302879
F#:min,11.302879,15.447641
D,15.447641,19.627233
B:min,19.627233,21.670589
E,21.670589,23.795215
B:min,23.795215,25.850181
E,25.850181,28.009637
A,28.009637,29.925283
D,29.925283,31.898979
A,31.898979,33.826235
E,33.826235,35.962471
A,35.962471,40.142063
E,40.142063,44.286825
F#:min,44.286825,48.466417
D,48.466417,52.587959
B:min,52.587959,54.666145
E,54.666145,56.755941
B:min,56.755941,58.868956
E,58.868956,60.935532
A,60.935532,62.932448
D,62.932448,64.871315
A,64.871315,66.786961
A:7,66.786961,68.714217
D,68.714217,72.777709
F:7,72.777709,76.934081
A,76.934081,85.142335
B,85.142335,93.362199
E,93.362199,95.417165
F:7,95.417165,97.437301
E,97.437301,99.47184
E:aug,99.47184,101.582063
A,101.582063,105.912585
E,105.912585,110.127006
F#:min,110.127006,114.341428
D,114.341428,118.48619
B:min,118.48619,120.587596
E,120.587596,122.747052
B:min,122.747052,124.848458
E,124.848458,126.961473
A,126.961473,128.94678
D,128.94678,130.932086
A,130.932086,132.882562
A:7,132.882562,134.821428
D,134.821428,138.98941
F:7,138.98941,143.064512
A,143.064512,151.330816
B,151.330816,159.5739
E,159.5739,161.617256
F:7,161.617256,163.614172
E,163.614172,165.750408
E:aug,165.750408,168.049183
A,168.049183,172.263605
E,172.263605,176.489637
F#:min,176.489637,180.622789
D,180.622789,184.88365
B:min,184.88365,186.985056
E,186.985056,189.109682
B:min,189.109682,191.176258
E,191.176258,193.277664
A,193.277664,195.27458
D,195.27458,197.283106
A,197.283106,198.397664
Bb:7,198.397664,199.047823
A:7,199.047823,204.285864
N,204.285864,206.706939
N,0.0,0.421247
E,0.421247,1.945238
B:9,1.945238,2.235487
E,2.235487,4.441383
E/5,4.441383,4.754852
D,4.754852,5.045102
D#,5.045102,5.393401
E,5.393401,6.658888
C#:min,6.658888,7.935986
A,7.935986,9.201473
B,9.201473,10.501791
E,10.501791,12.498707
E/7,12.498707,13.148866
C#:min,13.148866,15.122562
C#:min/b7,15.122562,15.795941
A,15.795941,18.419795
B,18.419795,21.06687
E,21.06687,23.028956
E/7,23.028956,23.667505
C#:min,23.667505,25.664421
C#:min/b7,25.664421,26.31458
A,26.31458,28.938435
B,28.938435,31.5739
C#:min,31.5739,36.125011
C#:min/b7,36.125011,36.78678
A,36.78678,39.433854
B,39.433854,42.034489
E,42.034489,43.996575
E/7,43.996575,44.611904
C#:min,44.611904,46.53916
C#:min/b7,46.53916,47.177709
A,47.177709,48.524467
B,48.524467,49.778344
E,49.778344,52.460249
E,52.460249,54.387505
E/7,54.387505,55.026054
C#:min,55.026054,57.03458
C#:min/b7,57.03458,57.661519
A,57.661519,60.331814
B,60.331814,62.932448
E,62.932448,64.917755
E/7,64.917755,65.544693
C#:min,65.544693,67.57192
C#:min/b7,67.57192,68.180158
A,68.180158,70.804013
B,70.804013,73.369818
C#:min,73.369818,77.955759
C#:min/b7,77.955759,78.594308
A,78.594308,81.206553
B,81.206553,83.818798
E,83.818798,85.722834
E/7,85.722834,86.396213
C#:min,86.396213,88.346689
C#:min/b7,88.346689,88.962018
A,88.962018,90.308775
B,90.308775,91.551043
E,91.551043,94.174897
A,94.174897,96.787142
F#:min,96.787142,99.341337
D,99.341337,101.930362
E,101.930362,104.484557
A,104.484557,107.027142
F#:min,107.027142,109.604557
D,109.604557,110.893265
E,110.893265,112.193582
A,112.193582,113.48229
B,113.48229,114.747777
E,114.747777,117.360022
C#:min,117.360022,119.634275
C#:min/b7,119.634275,119.972267
A,119.972267,122.584512
B,122.584512,125.173537
E,125.173537,127.140138
E/7,127.140138,127.797392
C#:min,127.797392,129.725066
C#:min/b7,129.725066,130.386417
A,130.386417,132.975442
B,132.975442,135.599297
C#:min,135.599297,140.115578
C#:min/b7,140.115578,140.765736
A,140.765736,143.447641
B,143.447641,146.025056
E,146.025056,147.953592
E/7,147.953592,148.614081
C#:min,148.614081,150.461929
C#:min/b7,150.461929,151.203106
A,151.203106,152.468594
B,152.468594,153.734081
C#:min,153.734081,155.631784
C#:min/b7,155.631784,156.288276
A,156.288276,157.588594
B,157.588594,158.842471
C#:min,158.842471,160.734897
C#:min/b7,160.734897,161.373446
A,161.373446,162.662154
B,162.662154,163.939251
E,163.939251,165.576258
B,165.576258,165.959387
E,165.959387,168.307502
N,168.307502,171.180408
N,0.0,0.4021
D:min,0.4021,1.527278
D:min/2,1.527278,2.676666
D:min/b3,2.676666,3.744784
D:min/4,3.744784,4.44963
D:min/5,4.44963,4.789682
E:9,4.789682,7.007188
Bb:7,7.007188,9.317573
A:aug,9.317573,13.531995
A:min,13.531995,26.871859
A:min,26.871859,27.955512
C,27.955512,28.996485
"D:min7(2,*b3,4)",28.996485,30.080897
F,30.080897,31.121111
G,31.121111,31.62034
G#:aug,31.62034,32.189229
A:min,32.189229,35.155014
A,35.155014,36.38043
D:min,36.38043,48.698616
D:min,48.698616,49.662244
F,49.662244,50.695532
C,50.695532,51.71721
Bb,51.71721,52.750498
"D:(1,4)",52.750498,53.110408
"D#:(1,4)",53.110408,53.458707
"E:(1,4)",53.458707,53.818616
E:9,53.818616,65.707233
A:min,65.707233,78.037029
A:min,78.037029,79.047097
C,79.047097,80.068775
"D:min7(2,*b3,4)",80.068775,81.090453
F,81.090453,82.135351
G,82.135351,82.58814
G#:aug,82.58814,83.087369
A:min,83.087369,85.991922
A,85.991922,87.185691
D:min,87.185691,99.445827
D:min,99.445827,100.479115
F,100.479115,101.477573
C,101.477573,102.522471
Bb,102.522471,103.567369
"D:(1,4)",103.567369,103.880839
"D#:(1,4)",103.880839,104.182698
"E:(1,4)",104.182698,104.589047
E:9,104.589047,116.686643
D:min,116.686643,117.998571
D:min/2,117.998571,119.252448
D:min/b3,119.252448,120.517936
D:min/4,120.517936,121.368424
D:min/5,121.368424,121.806643
E:9,121.806643,124.302789
Bb:7,124.302789,126.740884
A:aug,126.740884,129.237029
D:min,129.237029,130.510118
D:min/2,130.510118,131.709954
D:min/b3,131.709954,132.940612
D:min/4,132.940612,133.77552
D:min/5,133.77552,134.171269
E:9,134.171269,136.620975
Bb:7,136.620975,139.0939
A:aug,139.0939,144.219808
A:min,144.219808,158.180702
A:min,158.180702,159.27204
C,159.27204,160.351768
"D:min7(2,*b3,4)",160.351768,161.454716
F,161.454716,162.464784
G,162.464784,162.964013
G#:aug,162.964013,163.532902
A:min,163.532902,165.645918
A,165.645918,167.758934
D:min,167.758934,180.564739
D:min,180.564739,181.656077
F,181.656077,182.735804
C,182.735804,183.780702
Bb,183.780702,184.84882
"D:(1,4)",184.84882,185.18551
"D#:(1,4)",185.18551,185.487369
"E:(1,4)",185.487369,185.870498
E:9,185.870498,198.216071
D:min,198.216071,199.489002
D:min/2,199.489002,200.800929
D:min/b3,200.800929,202.031587
D:min/4,202.031587,202.832675
D:min/5,202.832675,203.320294
E:9,203.320294,205.77
Bb:7,205.77,208.173265
A:aug,208.173265,210.68102
D:min,210.68102,211.969727
D:min/2,211.969727,213.153945
D:min/b3,213.153945,214.431043
D:min/4,214.431043,215.232131
D:min/5,215.232131,215.71975
E:9,215.71975,218.157845
Bb:7,218.157845,220.6656
A:aug,220.6656,225.669501
A:min,225.669501,238.034126
A:min,238.034126,239.067414
C,239.067414,240.089092
"D:min7(2,*b3,4)",240.089092,241.11077
F,241.11077,242.155668
G,242.155668,242.654897
G#:aug,242.654897,243.165736
A:min,243.165736,247.206009
D:min,247.206009,259.535804
D:min,259.535804,260.545873
F,260.545873,261.60238
C,261.60238,262.682108
Bb,262.682108,263.680566
"D:(1,4)",263.680566,264.028866
"D#:(1,4)",264.028866,264.330725
"E:(1,4)",264.330725,264.658282
E:9,264.658282,276.989344
D:min,276.989344,278.193038
D:min/2,278.193038,279.563015
D:min/b3,279.563015,280.816893
D:min/4,280.816893,282.05916
E:9,282.05916,283.745369
C:(1),283.745369,284.124864
B:(1),284.124864,284.520476
Bb:7,284.520476,286.970181
A:aug,286.970181,289.454716
D:min,289.454716,290.685374
D:min/2,290.685374,291.939251
D:min/b3,291.939251,293.146689
D:min/4,293.146689,294.029047
D:min/5,294.029047,294.481836
E:9,294.481836,296.13247
C:(1),296.13247,296.521695
B:(1),296.521695,296.908321
Bb:7,296.908321,299.416077
A:aug,299.416077,301.923832
D:min,301.923832,303.154489
D:min/2,303.154489,304.443197
D:min/b3,304.443197,305.743514
D:min/4,305.743514,306.579433
D:min/5,306.579433,307.009002
E:9,307.009002,308.67526
C:(1),308.67526,309.074216
B:(1),309.074216,309.505147
Bb:7,309.505147,311.966462
A:aug,311.966462,314.474217
D:min,314.474217,315.670045
D:min/2,315.670045,316.923922
D:min/b3,316.923922,318.23585
D:min/4,318.23585,319.025328
D:min/5,319.025328,319.431678
E:9,319.431678,321.081822
C:(1),321.081822,321.480778
B:(1),321.480778,321.881383
Bb:7,321.881383,324.389138
A:aug,324.389138,326.896893
D:min,326.896893,328.127551
D:min/2,328.127551,329.393038
D:min/b3,329.393038,330.635306
D:min/4,330.635306,331.436394
D:min/5,331.436394,331.924013
E:9,331.924013,333.595421
C:(1),333.595421,333.984647
B:(1),333.984647,334.373718
Bb:7,334.373718,336.904693
A:aug,336.904693,339.458888
D:min,339.458888,340.643106
D:min/2,340.643106,341.966643
D:min/b3,341.966643,343.220521
D:min/4,343.220521,344.033219
D:min/5,344.033219,344.486009
E:9,344.486009,346.157673
C:(1),346.157673,346.546899
B:(1),346.546899,346.970544
Bb:7,346.970544,349.501519
A:aug,349.501519,352.090544
D:min,352.090544,353.297981
D:min/2,353.297981,354.691179
D:min/b3,354.691179,355.863786
D:min/4,355.863786,356.688095
D:min/5,356.688095,357.082834
E:9,357.082834,358.690734
C:(1),358.690734,359.109151
B:(1),359.109151,359.497709
Bb:7,359.497709,362.005464
A:aug,362.005464,364.548049
D:min,364.548049,365.801927
D:min/2,365.801927,367.090634
D:min/b3,367.090634,368.309682
D:min/4,368.309682,369.13399
D:min/5,369.13399,369.56356
E:9,369.56356,371.252986
C:(1),371.252986,371.63248
B:(1),371.63248,372.059705
Bb:7,372.059705,374.53263
A:aug,374.53263,377.168095
D:min,377.168095,378.387142
D:min/2,378.387142,379.67585
D:min/b3,379.67585,380.952947
D:min/4,380.952947,381.754036
D:min/5,381.754036,382.241655
E:9,382.241655,383.951467
C:(1),383.951467,384.379615
B:(1),384.379615,384.79585
Bb:7,384.79585,387.291995
A:aug,387.291995,389.78814
D:min,389.78814,391.146507
D:min/2,391.146507,392.388775
D:min/b3,392.388775,393.665873
D:min/4,393.665873,394.536621
D:min/5,394.536621,395.01263
E:9,395.01263,396.620756
C:(1),396.620756,397.068365
B:(1),397.068365,397.439115
Bb:7,397.439115,399.92365
A:aug,399.92365,402.501065
D:min,402.501065,403.731723
D:min/2,403.731723,405.04365
D:min/b3,405.04365,406.274308
D:min/4,406.274308,407.135657
D:min/5,407.135657,407.516575
E:9,407.516575,409.270584
C:(1),409.270584,409.66954
B:(1),409.66954,410.05916
Bb:7,410.05916,412.636575
A:aug,412.636575,415.20238
D:min,415.20238,416.421428
D:min/2,416.421428,417.756575
D:min/b3,417.756575,419.010453
D:min/4,419.010453,419.892811
D:min/5,419.892811,420.3456
E:9,420.3456,422.085832
C:(1),422.085832,422.50425
B:(1),422.50425,422.911405
Bb:7,422.911405,425.44238
A:aug,425.44238,428.019795
D:min,428.019795,429.285283
D:min/2,429.285283,430.56238
D:min/b3,430.56238,431.816258
D:min/4,431.816258,432.594126
D:min/5,432.594126,433.035306
E:9,433.035306,434.784313
C:(1),434.784313,435.202731
B:(1),435.202731,435.624331
Bb:7,435.624331,438.201746
A:aug,438.201746,440.697891
D:min,440.697891,441.963378
D:min/2,441.963378,443.228866
D:min/b3,443.228866,444.564013
D:min/4,444.564013,445.365102
D:min/5,445.365102,445.817891
E:9,445.817891,447.453602
C:(1),447.453602,447.920673
B:(1),447.920673,448.360476
Bb:7,448.360476,450.856621
A:aug,450.856621,453.445646
D:min,453.445646,454.734353
D:min/2,454.734353,456.046281
D:min/b3,456.046281,457.276938
D:min/4,457.276938,458.147687
D:min/5,458.147687,458.623696
E:9,458.623696,460.327235
C:(1),460.327235,460.71646
B:(1),460.71646,461.131451
Bb:7,461.131451,463.650816
A,463.650816,464.089225
N,464.089225,467.173878
N,0.0,0.366281
A,0.366281,3.605464
D,3.605464,5.463061
E,5.463061,7.262607
A,7.262607,10.96619
D,10.96619,12.591587
E,12.591587,14.704603
A,14.704603,18.326916
D,18.326916,20.172902
B,20.172902,21.995668
A,21.995668,23.853265
D:maj6,23.853265,24.480204
A:maj(9)/3,24.480204,25.165192
B:min,25.165192,25.838571
A,25.838571,26.50034
E:sus4(b7),26.50034,26.987959
E:7,26.987959,27.452358
A,27.452358,31.20238
D,31.20238,33.059977
E,33.059977,34.929183
A,34.929183,38.655986
D,38.655986,40.525192
E,40.525192,42.382789
A,42.382789,46.132811
D,46.132811,48.036848
B,48.036848,49.906054
A,49.906054,51.76365
D:maj6,51.76365,52.437029
A:maj(9)/3,52.437029,53.110408
B:min,53.110408,53.830226
A,53.830226,54.491995
E:sus4(b7),54.491995,55.002834
E:7,55.002834,55.467233
A,55.467233,57.324829
E,57.324829,59.124376
A,59.124376,62.874399
D,62.874399,64.743605
E,64.743605,66.636031
A,66.636031,70.374444
D,70.374444,72.25526
E,72.25526,74.136077
A,74.136077,77.932539
D,77.932539,79.790136
B,79.790136,81.670952
A,81.670952,83.493718
D:maj6,83.493718,84.213537
A:maj(9)/3,84.213537,84.898526
B:min,84.898526,85.595124
A,85.595124,86.280113
E:sus4(b7),86.280113,86.756122
E:7,86.756122,87.243741
A,87.243741,89.089727
E,89.089727,90.726734
C,90.726734,91.365283
G,91.365283,92.073492
D/3,92.073492,92.74687
D,92.74687,93.211269
A,93.211269,95.022426
E,95.022426,96.589773
C,96.589773,97.274761
G,97.274761,97.92492
D/3,97.92492,98.621519
D,98.621519,99.109138
A,99.109138,100.908684
E,100.908684,102.464421
C,102.464421,103.12619
G,103.12619,103.822789
D/3,103.822789,104.507777
D,104.507777,104.983786
A,104.983786,106.806553
E,106.806553,108.33907
C,108.33907,109.024058
G,109.024058,109.697437
D/3,109.697437,110.394036
D,110.394036,110.846825
A,110.846825,112.681201
E,112.681201,114.236938
C,114.236938,114.910317
G,114.910317,115.548866
D/3,115.548866,116.245464
D,116.245464,116.709863
A,116.709863,118.55585
E,118.55585,120.076757
C,120.076757,120.726916
G,120.726916,121.435124
D/3,121.435124,122.108503
D,122.108503,122.561292
A,122.561292,124.418888
E,124.418888,126.206825
E:sus4,126.206825,127.809002
E,127.809002,129.620158
E:7,129.620158,131.628684
A,131.628684,135.413537
D,135.413537,137.259523
E,137.259523,139.10551
A,139.10551,142.843922
D,142.843922,144.724739
E,144.724739,146.593945
A,146.593945,150.332358
D,150.332358,152.236394
B,152.236394,154.1056
A,154.1056,155.974807
D:maj6,155.974807,156.659795
A:maj(9)/3,156.659795,157.391224
B:min,157.391224,158.041383
A,158.041383,158.691541
E:sus4(b7),158.691541,159.17916
E:7,159.17916,159.65517
A,159.65517,163.370362
D,163.370362,165.181519
B,165.181519,167.120385
A,167.120385,169.012811
D:maj6,169.012811,169.63975
A:maj(9)/3,169.63975,170.359569
B:min,170.359569,171.044557
A,171.044557,171.752766
E:sus4(b7),171.752766,172.205555
E:7,172.205555,172.681564
A,172.681564,174.55077
D:maj6,174.55077,175.247369
A:maj(9)/3,175.247369,175.955578
B:min,175.955578,176.663786
A,176.663786,177.302335
E:sus4(b7),177.302335,177.766734
E:7,177.766734,178.254353
A:min7,178.254353,178.985782
G/2,178.985782,179.7056
D/5,179.7056,180.425419
D,180.425419,181.029138
A,181.029138,183.591089
N,183.591089,185.573878
N,0.0,0.382952
C#:min,0.382952,6.531179
D#:hdim7,6.531179,9.619433
G#,9.619433,12.684467
A,12.684467,15.714671
C#:min,15.714671,18.744875
A:9,18.744875,22.889637
"A:7(*5,13)",22.889637,24.851723
D,24.851723,27.821479
D:dim,27.821479,30.877301
C#:min,30.877301,36.926099
D#:hdim7,36.926099,39.909863
G#,39.909863,42.940068
A,42.940068,45.958662
C#:min,45.958662,48.965646
A:9,48.965646,51.98424
A:7(13),51.98424,54.875124
D,54.875124,57.905328
D:dim,57.905328,60.877482
C#:min,60.877482,66.926281
D#:hdim7,66.926281,69.910045
G#,69.910045,72.812539
A,72.812539,75.807913
C#:min,75.807913,78.791678
A:9,78.791678,81.787052
A:7(13),81.787052,84.770816
D,84.770816,87.81263
D:dim,87.81263,90.726734
F#,90.726734,96.763922
G#:7,96.763922,102.766281
C#:min,102.766281,108.652539
D#:hdim7,108.652539,111.624693
G#,111.624693,114.620068
A,114.620068,117.534172
C#:min,117.534172,120.494716
A:9,120.494716,123.43204
A:7(13),123.43204,126.299705
D,126.299705,129.318299
D:dim7,129.318299,132.278843
C#:min,132.278843,138.118662
D#:hdim7,138.118662,140.986326
G#,140.986326,143.91204
A,143.91204,146.814535
C#:min,146.814535,149.705419
A:9,149.705419,152.689183
A:7(13),152.689183,155.591678
D,155.591678,158.494172
D:dim7,158.494172,164.439685
N,164.439685,165.537959
A:min7,0.0,3.097655
D:min9,3.097655,4.127913
D:min,4.127913,5.98551
G:7,5.98551,8.888004
C:sus4,8.888004,9.909682
C,9.909682,11.790498
F:maj7,11.790498,14.681383
B:dim,14.681383,15.703061
E,15.703061,17.514217
A:min,17.514217,23.295986
A:min7,23.295986,26.24492
D:min9,26.24492,27.350323
D:min,27.350323,29.147414
G:7,29.147414,32.084739
C:sus4,32.084739,33.152857
C,33.152857,35.010453
F:maj7,35.010453,37.912947
B:dim,37.912947,38.957845
E,38.957845,40.827052
A:min,40.827052,46.59721
A:min7,46.59721,49.557755
D:min9,49.557755,50.567823
D:min,50.567823,52.448639
G:7,52.448639,55.351133
C:sus4,55.351133,56.454081
C,56.454081,58.253628
F:maj7,58.253628,61.167732
B:dim,61.167732,62.23585
E,62.23585,64.116666
A:min,64.116666,68.495648
G,68.495648,69.817165
C,69.817165,71.256802
E,71.256802,72.63839
A:min,72.63839,74.008367
C:7,74.008367,75.355124
F,75.355124,76.725102
G,76.725102,78.071859
C,78.071859,80.742154
C,80.742154,82.100521
E,82.100521,83.447278
A:min,83.447278,84.817256
C:7,84.817256,86.210453
F,86.210453,87.59204
G,87.59204,88.950408
C,88.950408,91.678752
Bb,91.678752,94.372267
F,94.372267,97.135442
C,97.135442,99.910226
Bb,99.910226,102.650181
F,102.650181,105.366916
C,105.366916,108.09526
Bb,108.09526,110.765555
F,110.765555,113.45907
C,113.45907,116.222244
Bb,116.222244,118.880929
F,118.880929,121.586054
C,121.586054,124.302789
Bb,124.302789,126.984693
F,126.984693,129.666598
C,129.666598,132.336893
D,132.336893,134.983968
Eb,134.983968,136.319115
G,136.319115,137.619433
C,137.619433,138.583061
A,138.583061,140.196848
Eb,140.196848,141.253356
C,141.253356,142.843922
Gb,142.843922,143.8656
Eb,143.8656,145.432947
A,145.432947,146.454625
Gb,146.454625,147.093174
G,147.093174,147.696893
Ab,147.696893,148.045192
A,148.045192,150.761927
B,150.761927,153.362562
C,153.362562,154.651269
E,154.651269,155.998027
A,155.998027,158.656712
D:min,158.656712,159.713219
G/5,159.713219,161.315396
D:min,161.315396,162.313854
G/5,162.313854,163.927641
A,163.927641,166.586326
B,166.586326,167.944693
C,167.944693,168.919931
G/3,168.919931,170.580158
A,170.580158,173.169183
C,173.169183,174.179251
G/3,174.179251,175.827868
A,175.827868,178.428503
C,178.428503,179.392131
G/3,179.392131,181.063968
A,181.063968,183.722653
C,183.722653,184.697891
G/3,184.697891,186.369727
A,186.369727,188.947142
C,188.947142,189.92238
G/3,189.92238,191.570997
A,191.570997,194.160022
C,194.160022,195.12365
G/3,195.12365,196.714217
A,196.714217,199.314852
C,199.314852,200.31331
G/3,200.31331,201.880657
A,201.880657,204.423242
C,204.423242,205.34043
G/3,205.34043,206.977437
A,206.977437,209.473582
C,209.473582,210.37916
G/3,210.37916,211.946507
A,211.946507,214.512312
C,214.512312,215.394671
G/3,215.394671,216.962018
A,216.962018,219.539433
C,219.539433,220.375351
G/3,220.375351,221.954308
A,221.954308,224.473673
C,224.473673,225.321201
G/3,225.321201,226.923378
A,226.923378,229.373083
C,229.373083,230.278662
G/3,230.278662,231.846009
A,231.846009,234.307324
C,234.307324,235.212902
G/3,235.212902,236.780249
N,236.780249,242.416327
N,0.0,0.191476
E,0.191476,1.364739
E:maj6,1.364739,7.785056
E:maj6,7.785056,14.275034
F#:min7,14.275034,20.289002
B:maj6,20.289002,20.730181
E:maj6,20.730181,27.162108
F#:min7,27.162108,32.734897
B:maj6,32.734897,33.524376
E:maj6,33.524376,39.875034
F#:min7,39.875034,45.284923
G:min7,45.284923,45.826177
G#:min7/b3,45.826177,46.283741
E:maj6,46.283741,52.669229
"G:9(*3,11)",52.669229,58.892176
C,58.892176,62.09653
C:maj7,62.09653,65.242834
G,65.242834,68.412358
A,68.412358,71.605102
C,71.605102,74.763015
C:maj7,74.763015,77.967369
G,77.967369,81.171723
A,81.171723,84.306417
F,84.306417,87.49916
D:7,87.49916,90.680294
F,90.680294,93.907868
D:7,93.907868,97.123832
C,97.123832,100.363015
E:min7,100.363015,103.544149
C:7,103.544149,106.725283
F,106.725283,109.906417
F#:min7,109.906417,115.490816
B:maj6,115.490816,116.257074
E:maj6,116.257074,122.735442
F#:min7,122.735442,128.250181
B:maj6,128.250181,129.004829
E:maj6,129.004829,135.529637
F#:min7,135.529637,141.055986
B:maj6,141.055986,141.810634
E:maj6,141.810634,146.311837
N,0.0,1.172266
D:min,1.172266,12.585238
D:min,12.585238,24.369365
A,24.369365,30.209183
G:7,30.209183,34.603995
N,34.603995,36.037392
D:min,36.037392,47.41517
D:min,47.41517,59.141247
A,59.141247,64.969455
G:7,64.969455,70.712128
B:min,70.712128,72.9339
A,72.9339,73.618888
G,73.618888,75.058526
A,75.058526,76.521383
D:min,76.521383,87.92238
D:min,87.92238,99.567188
A,99.567188,105.418616
G:7,105.418616,111.258435
B:min,111.258435,113.406281
A,113.406281,114.114489
G,114.114489,115.577346
A,115.577346,117.075034
D:min,117.075034,122.636213
D:min,122.636213,134.22297
A,134.22297,145.751678
D:min,145.751678,151.521836
D:min,151.521836,163.317573
A,163.317573,169.180612
G:7,169.180612,175.02043
B:min,175.02043,177.179886
A,177.179886,177.922925
G,177.922925,179.362562
A,179.362562,180.860249
D:min,180.860249,192.272857
D:min,192.272857,256.27589
N,256.27589,260.649796
N,0.0,1.263742
F,1.263742,3.122845
Eb,3.122845,4.074863
G/5,4.074863,5.073321
C,5.073321,8.846564
E:min/5,8.846564,12.503707
C:7,12.503707,16.18407
F,16.18407,18.877585
C/3,18.877585,19.759943
D,19.759943,23.440306
G,23.440306,24.470647
G:sus4(2)/2,24.470647,25.321122
G/3,25.321122,27.190328
A:min,27.190328,29.024705
Ab:aug,29.024705,30.824251
C/5,30.824251,32.600578
D:7,32.600578,34.411734
F,34.411734,36.234501
Eb,36.234501,37.186519
G/5,37.186519,38.126927
C,38.126927,41.88856
E:min/5,41.88856,45.545702
C:7,45.545702,49.168015
F,49.168015,51.87314
C/3,51.87314,52.790328
D,52.790328,56.412641
G,56.412641,57.306609
G:sus4(2)/2,57.306609,58.258628
G/3,58.258628,60.023344
A:min,60.023344,61.822891
Ab:aug,61.822891,63.634047
C/5,63.634047,65.398764
D:7,65.398764,67.23314
F,67.23314,69.102346
Eb,69.102346,70.080257
G/5,70.080257,71.01849
A,71.01849,74.628696
A,74.628696,76.370192
C#:min/5,76.370192,78.045663
F#:min,78.045663,79.713866
A/5,79.713866,81.443752
D,81.443752,83.103979
G,83.103979,84.787426
A,84.787426,85.474936
A/7,85.474936,86.183398
A/b7,86.183398,86.815269
A/6,86.815269,87.427993
A/b6,87.427993,87.887535
A/5,87.887535,88.282029
A,88.282029,89.930646
C#:min/5,89.930646,91.614092
F#:min,91.614092,93.285929
A/5,93.285929,94.980986
D,94.980986,96.641213
G,96.641213,98.347879
C,98.347879,99.032868
C/7,99.032868,99.671417
C/6,99.671417,100.286746
C/5,100.286746,100.960124
C/3,100.960124,101.378083
C/2,101.378083,101.830873
C,101.830873,105.488015
E:min/5,105.488015,108.994229
C:7,108.994229,112.628151
F,112.628151,115.240396
C/3,115.240396,116.087925
D,116.087925,119.710238
G,119.710238,120.627426
G:sus4(2)/2,120.627426,121.451734
G/3,121.451734,123.297721
A:min,123.297721,125.039217
Ab:aug,125.039217,126.827154
C/5,126.827154,128.60348
D:7,128.60348,130.298537
F,130.298537,132.156133
Eb,132.156133,133.038492
G/5,133.038492,133.89763
C,133.89763,137.577993
E:min/5,137.577993,141.235136
C:7,141.235136,144.811009
F,144.811009,147.516133
C/3,147.516133,148.398492
D,148.398492,152.009195
G,152.009195,152.914773
G:sus4(2),152.914773,153.831908
G/3,153.831908,155.608287
A:min,155.608287,157.373004
Ab:aug,157.373004,159.114501
C/5,159.114501,160.948877
D:7,160.948877,162.748424
F,162.748424,164.5828
Eb,164.5828,165.476768
G/5,165.476768,166.347517
A,166.347517,169.88856
F,169.88856,171.711326
Eb,171.711326,172.651734
G/5,172.651734,173.754682
C,173.754682,178.838689
N,178.838689,183.013878
N,0.0,0.382952
D,0.382952,1.329909
F#:min/5,1.329909,2.270317
B,2.270317,4.139523
E:min,4.139523,5.093265
E:min/5,5.093265,5.993202
E:min,5.993202,6.472388
E:min/b7,6.472388,6.931435
E:min/6,6.931435,7.37183
E:min/5,7.37183,7.831373
A,7.831373,8.74989
A/3,8.74989,9.693983
A/5,9.693983,10.560212
A,10.560212,11.500249
D,11.500249,12.39
D/7,12.39,12.866913
D/6,12.866913,13.311405
A,13.311405,14.239254
A/2,14.239254,14.716166
A/3,14.716166,15.16388
D,15.16388,16.07458
F#:min/5,16.07458,16.956938
B,16.956938,17.879363
B/5,17.879363,18.375742
B,18.375742,18.826145
E:min,18.826145,19.709151
E:min/5,19.709151,20.653244
E:min,20.653244,21.100958
E:min/b7,21.100958,21.568138
E:min/6,21.568138,22.045051
E:min/5,22.045051,22.502498
A,22.502498,23.368727
A/3,23.368727,24.283621
A/5,24.283621,25.237447
A/3,25.237447,25.675428
A/5,25.675428,26.15204
D,26.15204,27.057502
D/7,27.057502,27.514948
D/6,27.514948,27.974807
A/3,27.974807,29.820793
E:7,29.820793,33.477936
A,33.477936,35.729528
A/3,35.729528,36.196708
A/2,36.196708,36.624956
A,36.624956,37.077029
D,37.077029,37.997297
D/5,37.997297,38.902458
D,38.902458,40.294265
D:maj(*1)/#1,40.294265,40.734172
E:7,40.734172,41.627674
E:7/5,41.627674,42.562034
E:7,42.562034,44.344875
A:7,44.344875,45.277517
A:7/5,45.277517,46.153479
A:7,46.153479,47.993
E:min,47.993,48.872766
A,48.872766,49.778344
D,49.778344,51.613644
D,51.613644,52.587959
F#/5,52.587959,53.540761
B:min,53.540761,54.494587
D:7/5,54.494587,55.397573
G,55.397573,55.886393
G/2,55.886393,56.324374
G/3,56.324374,56.781821
G/#4,56.781821,57.27839
D,57.27839,59.031496
D,59.031496,59.960294
F#:min/5,59.960294,60.877482
B,60.877482,61.85267
B/5,61.85267,62.261452
B,62.261452,62.711859
E:min,62.711859,63.643526
E:min/5,63.643526,64.538954
E:min,64.538954,65.035333
E:min/b7,65.035333,65.521979
E:min/6,65.521979,65.940494
E:min/5,65.940494,66.407674
A,66.407674,67.273903
A/3,67.273903,68.149865
A/5,68.149865,69.084225
A/3,69.084225,69.512473
A/5,69.512473,70.002925
D,70.002925,70.923746
D/7,70.923746,71.361727
D/6,71.361727,71.790861
A,71.790861,73.181782
A/2,73.181782,73.636848
D,73.636848,74.542426
F#:min/5,74.542426,75.471224
B,75.471224,77.27077
E:min,77.27077,78.194233
E:min/5,78.194233,79.157791
E:min,79.157791,79.595772
E:min/b7,79.595772,80.062952
E:min/6,80.062952,80.530132
E:min/5,80.530132,80.997573
A,80.997573,81.931672
A/3,81.931672,82.846566
A/5,82.846566,83.76146
A/3,83.76146,84.218907
A/5,84.218907,84.677936
D,84.677936,85.571782
D/7,85.571782,86.019496
D/6,86.019496,86.512312
A,86.512312,88.335079
E:7,88.335079,91.992222
A,91.992222,94.224343
A/3,94.224343,94.652591
A/2,94.652591,95.080839
A,95.080839,95.533265
D,95.533265,96.433714
D/5,96.433714,97.368074
D,97.368074,98.69175
D:maj(*1)/#1,98.69175,99.190408
E:7,99.190408,100.064091
E:7/5,100.064091,100.978985
E:7,100.978985,102.743061
A:7,102.743061,103.636071
A:7/3,103.636071,104.531499
A:7/5,104.531499,105.417194
A:7/3,105.417194,106.365374
E:min,106.365374,107.266447
E:min/5,107.266447,108.17653
A,108.17653,109.952857
D,109.952857,110.877359
D/5,110.877359,111.753321
D,111.753321,113.135395
D:maj(*1)/#1,113.135395,113.57517
E:7,113.57517,114.498003
E:7/5,114.498003,115.403164
E:7,115.403164,117.174263
A:7,117.174263,118.138113
A:7/5,118.138113,118.994609
A:7,118.994609,120.843015
E:min,120.843015,121.760204
A,121.760204,122.654172
D,122.654172,124.511768
D,124.511768,125.440566
F#/5,125.440566,126.369365
B:min,126.369365,127.298163
D:7/5,127.298163,128.238571
G,128.238571,130.070665
G/5,130.070665,131.860884
D,131.860884,132.847732
F#:min/5,132.847732,133.73009
B,133.73009,134.635402
B/5,134.635402,135.102582
B,135.102582,135.552857
E:min,135.552857,136.504122
E:min/5,136.504122,137.39955
E:min,137.39955,137.837531
E:min/b7,137.837531,138.275512
E:min/6,138.275512,138.742692
E:min/5,138.742692,139.19839
A,139.19839,140.1053
A/3,140.1053,141.010461
A/5,141.010461,141.954554
A/3,141.954554,142.382802
A,142.382802,142.855532
D,142.855532,143.774609
D/7,143.774609,144.21259
D/6,144.21259,144.736349
A,144.736349,145.623862
A/3,145.623862,146.042378
A,146.042378,146.512675
D,146.512675,147.453083
F#:min/5,147.453083,148.370272
B,148.370272,150.193038
E:min,150.193038,151.074294
E:min/5,151.074294,152.018387
E:min,152.018387,152.446635
E:min/b7,152.446635,152.913815
E:min/6,152.913815,153.351796
E:min/5,153.351796,153.838571
A,153.838571,154.73387
A/3,154.73387,155.677963
A/5,155.677963,156.592857
A/3,156.592857,157.011372
A,157.011372,157.495714
D,157.495714,158.393446
D/7,158.393446,158.860626
D/6,158.860626,159.3417
A,159.3417,161.176077
E:7,161.176077,164.79839
A,164.79839,167.513186
A/b7,167.513186,167.931702
A/5,167.931702,168.385873
D,168.385873,169.284577
D/5,169.284577,170.218937
D,170.218937,171.591278
D:maj(*1)/#1,171.591278,172.043015
E:7,172.043015,175.560839
A:7,175.560839,176.457735
A:7/5,176.457735,177.372629
A:7,177.372629,179.136712
E:min,179.136712,180.039447
E:min/5,180.039447,180.994308
A,180.994308,182.782244
D,182.782244,183.62116
D/5,183.62116,184.574985
D,184.574985,185.857876
D:maj(*1)/#1,185.857876,186.323287
E:7,186.323287,187.193139
E:7/5,187.193139,188.0983
E:7,188.0983,189.817891
A:7,189.817891,193.393764
E:min,193.393764,194.287732
A,194.287732,195.19331
D,195.19331,197.050907
D,197.050907,197.944875
F#/5,197.944875,198.862063
B:min,198.862063,199.814081
D:7/5,199.814081,200.754489
G,200.754489,202.565646
D,202.565646,204.726259
N,204.726259,207.281633
N,0.0,0.440395
E:aug,0.440395,2.795551
A,2.795551,7.180354
E,7.180354,11.302879
F#:min,11.302879,15.447641
D,15.447641,19.627233
B:min,19.627233,21.670589
E,21.670589,23.795215
B:min,23.795215,25.850181
E,25.850181,28.009637
A,28.009637,29.925283
D,29.925283,31.898979
A,31.898979,33.826235
E,33.826235,35.962471
A,35.962471,40.142063
E,40.142063,44.286825
F#:min,44.286825,48.466417
D,48.466417,52.587959
B:min,52.587959,54.666145
E,54.666145,56.755941
B:min,56.755941,58.868956
E,58.868956,60.935532
A,60.935532,62.932448
D,62.932448,64.871315
A,64.871315,66.786961
A:7,66.786961,68.714217
D,68.714217,72.777709
F:7,72.777709,76.934081
A,76.934081,85.142335
B,85.142335,93.362199
E,93.362199,95.417165
F:7,95.417165,97.437301
E,97.437301,99.47184
E:aug,99.47184,101.582063
A,101.582063,105.912585
E,105.912585,110.127006
F#:min,110.127006,114.341428
D,114.341428,118.48619
B:min,118.48619,120.587596
E,120.587596,122.747052
B:min,122.747052,124.848458
E,124.848458,126.961473
A,126.961473,128.94678
D,128.94678,130.932086
A,130.932086,132.882562
A:7,132.882562,134.821428
D,134.821428,138.98941
F:7,138.98941,143.064512
A,143.064512,151.330816
B,151.330816,159.5739
E,159.5739,161.617256
F:7,161.617256,163.614172
E,163.614172,165.750408
E:aug,165.750408,168.049183
A,168.049183,172.263605
E,172.263605,176.489637
F#:min,176.489637,180.622789
D,180.622789,184.88365
B:min,184.88365,186.985056
E,186.985056,189.109682
B:min,189.109682,191.176258
E,191.176258,193.277664
A,193.277664,195.27458
D,195.27458,197.283106
A,197.283106,198.397664
Bb:7,198.397664,199.047823
A:7,199.047823,204.285864
N,204.285864,206.706939
N,0.0,0.421247
E,0.421247,1.945238
B:9,1.945238,2.235487
E,2.235487,4.441383
E/5,4.441383,4.754852
D,4.754852,5.045102
D#,5.045102,5.393401
E,5.393401,6.658888
C#:min,6.658888,7.935986
A,7.935986,9.201473
B,9.201473,10.501791
E,10.501791,12.498707
E/7,12.498707,13.148866
C#:min,13.148866,15.122562
C#:min/b7,15.122562,15.795941
A,15.795941,18.419795
B,18.419795,21.06687
E,21.06687,23.028956
E/7,23.028956,23.667505
C#:min,23.667505,25.664421
C#:min/b7,25.664421,26.31458
A,26.31458,28.938435
B,28.938435,31.5739
C#:min,31.5739,36.125011
C#:min/b7,36.125011,36.78678
A,36.78678,39.433854
B,39.433854,42.034489
E,42.034489,43.996575
E/7,43.996575,44.611904
C#:min,44.611904,46.53916
C#:min/b7,46.53916,47.177709
A,47.177709,48.524467
B,48.524467,49.778344
E,49.778344,52.460249
E,52.460249,54.387505
E/7,54.387505,55.026054
C#:min,55.026054,57.03458
C#:min/b7,57.03458,57.661519
A,57.661519,60.331814
B,60.331814,62.932448
E,62.932448,64.917755
E/7,64.917755,65.544693
C#:min,65.544693,67.57192
C#:min/b7,67.57192,68.180158
A,68.180158,70.804013
B,70.804013,73.369818
C#:min,73.369818,77.955759
C#:min/b7,77.955759,78.594308
A,78.594308,81.206553
B,81.206553,83.818798
E,83.818798,85.722834
E/7,85.722834,86.396213
C#:min,86.396213,88.346689
C#:min/b7,88.346689,88.962018
A,88.962018,90.308775
B,90.308775,91.551043
E,91.551043,94.174897
A,94.174897,96.787142
F#:min,96.787142,99.341337
D,99.341337,101.930362
E,101.930362,104.484557
A,104.484557,107.027142
F#:min,107.027142,109.604557
D,109.604557,110.893265
E,110.893265,112.193582
A,112.193582,113.48229
B,113.48229,114.747777
E,114.747777,117.360022
C#:min,117.360022,119.634275
C#:min/b7,119.634275,119.972267
A,119.972267,122.584512
B,122.584512,125.173537
E,125.173537,127.140138
E/7,127.140138,127.797392
C#:min,127.797392,129.725066
C#:min/b7,129.725066,130.386417
A,130.386417,132.975442
B,132.975442,135.599297
C#:min,135.599297,140.115578
C#:min/b7,140.115578,140.765736
A,140.765736,143.447641
B,143.447641,146.025056
E,146.025056,147.953592
E/7,147.953592,148.614081
C#:min,148.614081,150.461929
C#:min/b7,150.461929,151.203106
A,151.203106,152.468594
B,152.468594,153.734081
C#:min,153.734081,155.631784
C#:min/b7,155.631784,156.288276
A,156.288276,157.588594
B,157.588594,158.842471
C#:min,158.842471,160.734897
C#:min/b7,160.734897,161.373446
A,161.373446,162.662154
B,162.662154,163.939251
E,163.939251,165.576258
B,165.576258,165.959387
E,165.959387,168.307502
N,168.307502,171.180408
N,0.0,0.4021
D:min,0.4021,1.527278
D:min/2,1.527278,2.676666
D:min/b3,2.676666,3.744784
D:min/4,3.744784,4.44963
D:min/5,4.44963,4.789682
E:9,4.789682,7.007188
Bb:7,7.007188,9.317573
A:aug,9.317573,13.531995
A:min,13.531995,26.871859
A:min,26.871859,27.955512
C,27.955512,28.996485
"D:min7(2,*b3,4)",28.996485,30.080897
F,30.080897,31.121111
G,31.121111,31.62034
G#:aug,31.62034,32.189229
A:min,32.189229,35.155014
A,35.155014,36.38043
D:min,36.38043,48.698616
D:min,48.698616,49.662244
F,49.662244,50.695532
C,50.695532,51.71721
Bb,51.71721,52.750498
"D:(1,4)",52.750498,53.110408
"D#:(1,4)",53.110408,53.458707
"E:(1,4)",53.458707,53.818616
E:9,53.818616,65.707233
A:min,65.707233,78.037029
A:min,78.037029,79.047097
C,79.047097,80.068775
"D:min7(2,*b3,4)",80.068775,81.090453
F,81.090453,82.135351
G,82.135351,82.58814
G#:aug,82.58814,83.087369
A:min,83.087369,85.991922
A,85.991922,87.185691
D:min,87.185691,99.445827
D:min,99.445827,100.479115
F,100.479115,101.477573
C,101.477573,102.522471
Bb,102.522471,103.567369
"D:(1,4)",103.567369,103.880839
"D#:(1,4)",103.880839,104.182698
"E:(1,4)",104.182698,104.589047
E:9,104.589047,116.686643
D:min,116.686643,117.998571
D:min/2,117.998571,119.252448
D:min/b3,119.252448,120.517936
D:min/4,120.517936,121.368424
D:min/5,121.368424,121.806643
E:9,121.806643,124.302789
Bb:7,124.302789,126.740884
A:aug,126.740884,129.237029
D:min,129.237029,130.510118
D:min/2,130.510118,131.709954
D:min/b3,131.709954,132.940612
D:min/4,132.940612,133.77552
D:min/5,133.77552,134.171269
E:9,134.171269,136.620975
Bb:7,136.620975,139.0939
A:aug,139.0939,144.219808
A:min,144.219808,158.180702
A:min,158.180702,159.27204
C,159.27204,160.351768
"D:min7(2,*b3,4)",160.351768,161.454716
F,161.454716,162.464784
G,162.464784,162.964013
G#:aug,162.964013,163.532902
A:min,163.532902,165.645918
A,165.645918,167.758934
D:min,167.758934,180.564739
D:min,180.564739,181.656077
F,181.656077,182.735804
C,182.735804,183.780702
Bb,183.780702,184.84882
"D:(1,4)",184.84882,185.18551
"D#:(1,4)",185.18551,185.487369
"E:(1,4)",185.487369,185.870498
E:9,185.870498,198.216071
D:min,198.216071,199.489002
D:min/2,199.489002,200.800929
D:min/b3,200.800929,202.031587
D:min/4,202.031587,202.832675
D:min/5,202.832675,203.320294
E:9,203.320294,205.77
Bb:7,205.77,208.173265
A:aug,208.173265,210.68102
D:min,210.68102,211.969727
D:min/2,211.969727,213.153945
D:min/b3,213.153945,214.431043
D:min/4,214.431043,215.232131
D:min/5,215.232131,215.71975
E:9,215.71975,218.157845
Bb:7,218.157845,220.6656
A:aug,220.6656,225.669501
A:min,225.669501,238.034126
A:min,238.034126,239.067414
C,239.067414,240.089092
"D:min7(2,*b3,4)",240.089092,241.11077
F,241.11077,242.155668
G,242.155668,242.654897
G#:aug,242.654897,243.165736
E:maj6,0.0,1.771088
E,1.771088,11.674399
B,11.674399,15.319931
B,15.319931,15.586961
C,15.586961,15.8656
C#,15.8656,16.16746
D,16.16746,20.033582
D,20.033582,20.335442
C#,20.335442,20.625691
C,20.625691,20.927551
B,20.927551,26.012721
E,26.012721,26.906689
C,26.906689,28.369546
B,28.369546,30.807641
E,30.807641,31.991859
C,31.991859,33.176077
B,33.176077,35.567732
E,35.567732,45.122743
B,45.122743,48.721836
B,48.721836,48.977256
C,48.977256,49.255895
C#,49.255895,49.546145
D,49.546145,53.354217
D,53.354217,53.656077
C#,53.656077,53.946326
C,53.946326,54.224965
B,54.224965,59.217256
E,59.217256,60.099614
C,60.099614,61.005192
B,61.005192,62.851179
E,62.851179,63.687097
C,63.687097,64.592675
B,64.592675,66.298776
D/2,0.0,1.014823
A/5,1.014823,1.701428
E,1.701428,3.326825
D/2,3.326825,4.081473
A/5,4.081473,4.778072
E,4.778072,6.287369
D,6.287369,7.007188
A,7.007188,7.564467
E,7.564467,9.155034
D,9.155034,9.874852
A,9.874852,10.397301
E,10.397301,11.976258
G,11.976258,13.415895
B,13.415895,14.843922
C,14.843922,15.575351
D,15.575351,16.12102
E,16.12102,17.723197
C,17.723197,18.454625
D,18.454625,19.000294
E,19.000294,20.590861
D/2,20.590861,21.34551
A/5,21.34551,22.065328
E,22.065328,23.539795
D/2,23.539795,24.259614
A/5,24.259614,25.025873
E,25.025873,26.53517
D,26.53517,27.231768
A,27.231768,27.789047
E,27.789047,29.426054
D,29.426054,30.134263
A,30.134263,30.679931
E,30.679931,32.258888
G,32.258888,33.675306
B,33.675306,35.091723
C,35.091723,35.823151
D,35.823151,36.36882
E,36.36882,37.994217
C,37.994217,38.714036
D,38.714036,39.259705
E,39.259705,40.873492
D/2,40.873492,41.61653
A/5,41.61653,42.347959
E,42.347959,43.868866
D/2,43.868866,44.693174
A/5,44.693174,45.447823
E,45.447823,46.99195
D,46.99195,47.676938
A,47.676938,48.222607
E,48.222607,49.848004
D,49.848004,50.556213
A,50.556213,51.090272
E,51.090272,52.680839
D,52.680839,53.400657
A,53.400657,53.946326
E,53.946326,55.560113
D,55.560113,56.291541
A,56.291541,56.84882
E,56.84882,58.474217
D,58.474217,59.205646
A,59.205646,59.751315
E,59.751315,61.353492
D,61.353492,62.07331
A,62.07331,62.607369
E,62.607369,64.232766
D,64.232766,64.975804
A,64.975804,65.509863
E,65.509863,67.12365
D,67.12365,67.866689
A,67.866689,68.423968
E,68.423968,72.75102
E,0.0,1.646695
E/b7,1.646695,3.036575
E/6,3.036575,4.441383
E/5,4.441383,5.91585
A,5.91585,8.899614
D,8.899614,11.860158
A,11.860158,14.867142
D,14.867142,17.734807
A,17.734807,20.672131
D,20.672131,23.621065
D,23.621065,26.57
A,26.57,29.530544
D:min,29.530544,30.272373
D:min/2,30.272373,31.038278
D:min/b3,31.038278,31.785035
D:min/4,31.785035,32.512644
A,32.512644,35.451632
D:min,35.451632,36.15069
D:min/b7,36.15069,36.929205
D:min/6,36.929205,37.682499
D:min/5,37.682499,38.354126
G,38.354126,41.361111
C,41.361111,42.475668
C/7,42.475668,43.567006
C/6,43.567006,44.263605
G,44.263605,47.270589
C,47.270589,48.419977
A,48.419977,51.65916
D,51.65916,54.666145
A,54.666145,57.684739
D,57.684739,60.691723
A,60.691723,63.629047
D,63.629047,66.612811
D,66.612811,69.584965
A,69.584965,72.49907
D,72.49907,75.517664
A,75.517664,78.478208
D,78.478208,81.450362
A,81.450362,84.387687
D,84.387687,87.371451
D,87.371451,90.331995
A,90.331995,93.292539
D:min,93.292539,94.090972
D:min/2,94.090972,94.800886
D:min/b3,94.800886,95.524453
D:min/4,95.524453,96.287913
A,96.287913,99.329727
D:min,99.329727,100.084376
D:min/b7,100.084376,100.850634
D:min/6,100.850634,101.524013
D:min/5,101.524013,102.255442
G,102.255442,105.262426
C,105.262426,106.376984
C/7,106.376984,107.479931
C/6,107.479931,108.24619
G,108.24619,111.241564
C,111.241564,112.379342
A,112.379342,116.781281
N,116.781281,117.733878
N,0.0,0.382952
A:min7,0.382952,6.337859
A:min7,6.337859,9.330793
D:min,9.330793,15.159002
G:7,15.159002,21.16136
C,21.16136,22.635827
E,22.635827,24.029024
A:min,24.029024,25.573151
D:min9,25.573151,28.568526
G:7,28.568526,31.62195
C,31.62195,34.524444
C,34.524444,37.461768
F:maj7,37.461768,40.352653
C,40.352653,43.208707
C,43.208707,46.064761
F:maj7,46.064761,48.885986
C,48.885986,50.325623
E/5,50.325623,51.80009
A:min,51.80009,53.297777
D:min9,53.297777,56.211882
G:7,56.211882,59.230476
C,59.230476,62.22585
A:min7,62.22585,65.267664
A:min7,65.267664,68.228208
D:min,68.228208,74.149297
G:7,74.149297,80.047165
C,80.047165,81.556462
E,81.556462,82.949659
A:min,82.949659,84.366077
D:min9,84.366077,87.268571
G:7,87.268571,90.182675
C,90.182675,91.585306
C,0.0,1.620158
C,1.620158,4.476213
G,4.476213,10.234761
C,10.234761,13.055986
C,13.055986,15.8656
G,15.8656,18.768095
G,18.768095,21.635759
C,21.635759,23.110226
C:maj7/7,23.110226,24.491814
A:min,24.491814,27.371088
D:min9,27.371088,28.427596
D:min,28.427596,30.261972
G:7,30.261972,33.059977
C:sus4,33.059977,34.058435
C,34.058435,35.892811
F,35.892811,38.714036
B:dim,38.714036,39.770544
E:7,39.770544,41.52365
A:min,41.52365,44.414535
A:min7,44.414535,47.375079
D:min9,47.375079,48.338707
D:min,48.338707,50.219523
G:7,50.219523,53.005918
C:sus4,53.005918,54.132086
C,54.132086,55.827142
F,55.827142,58.706417
B:dim,58.706417,59.704875
E:7,59.704875,61.516031
A:min,61.516031,64.476575
G,64.476575,65.216764
C/5,65.216764,66.901753
G,66.901753,67.2978
C,67.2978,70.099405
G,70.099405,75.761473
C,75.761473,78.524648
C,78.524648,81.357482
G,81.357482,84.167097
G,84.167097,86.999931
C,86.999931,88.126099
G/3,88.126099,89.855986
A,89.855986,92.607551
C,92.607551,93.687278
G/3,93.687278,95.417165
A,95.417165,96.888163
A,0.0,0.223884
D,0.223884,1.635324
B,1.635324,2.131761
E,2.131761,3.884104
A,3.884104,5.81136
D#:dim/b5,5.81136,7.715396
A,7.715396,11.244829
A,11.244829,11.744058
D,11.744058,13.183696
B,13.183696,13.706145
E,13.706145,15.377981
A,15.377981,17.305238
D#:dim/b5,17.305238,19.186054
A,19.186054,19.568859
N,19.568859,34.752914
A:7,34.752914,36.72873
D:7,36.72873,38.690816
A:7,38.690816,40.652902
D:7,40.652902,42.626598
A:7,42.626598,44.588684
D:7,44.588684,46.56238
A:7,46.56238,48.478027
D:7,48.478027,50.382063
A:7,50.382063,52.297709
D:7,52.297709,54.259795
A:7,54.259795,56.221882
D:7,56.221882,58.195578
A:7,58.195578,60.111224
D:7,60.111224,62.07331
A:7,62.07331,63.988956
D:7,63.988956,65.916213
A:7,65.916213,67.843469
D:7,67.843469,69.724285
A:7,69.724285,71.686371
D:7,71.686371,73.532358
A:7,73.532358,75.506054
D:7,75.506054,77.37526
A:7,77.37526,79.290907
D:7,79.290907,81.264603
A:7,81.264603,83.215518
D:7,83.215518,85.142335
A:7,85.142335,87.081201
D:7,87.081201,88.996848
A,88.996848,92.921425
A,92.921425,96.856802
G/2,96.856802,100.792585
F/3,100.792585,101.547233
C:maj6/5,101.547233,102.255442
D:min7/b3,102.255442,103.0217
A:min/5,103.0217,103.822789
D:min,103.822789,105.448185
G,105.448185,107.212902
C,107.212902,110.742335
D/b7,110.742335,114.109229
Eb/6,114.109229,115.862335
F/5,115.862335,117.615442
C,117.615442,123.406354
N,123.406354,139.833469
N,0.0,0.325509
D,0.325509,2.072947
D,2.072947,2.607006
D/7,2.607006,3.175895
D/6,3.175895,3.756394
D/5,3.756394,4.348503
E:9,4.348503,4.975442
A,4.975442,5.532721
D,5.532721,6.774988
D,6.774988,7.390317
D/7,7.390317,7.982426
D/6,7.982426,8.586145
D/5,8.586145,9.155034
E:9,9.155034,10.374081
A,10.374081,11.581519
B:min,11.581519,12.765736
B:sus2,12.765736,13.949954
D:7,13.949954,15.134172
G,15.134172,16.341609
E:dim/b3,16.341609,17.525827
D,17.525827,18.094716
B,18.094716,18.710045
E:7,18.710045,19.313764
A,19.313764,19.917482
D,19.917482,20.463151
B,20.463151,21.00882
E:7,21.00882,21.635759
A,21.635759,22.204648
D,22.204648,22.575034
A:(1),22.575034,23.14449
